123132,dasdsa,2024-07-08 02:24:34,login
adasd,asdasdasd,2024-07-08 02:29:53,login
qweqe,123,2024-07-08 02:32:51,login
ads,123,2024-07-08 02:36:34,login
eqwqwe,123213,2024-07-08 02:39:00,login
dsa,32eq3,2024-07-08 02:44:11,login
ads,123,2024-07-08 02:48:38,login
afas,123123,2024-07-08 02:49:14,login
afas,123123,2024-07-08 02:50:30,login
asd,sadasds,2024-07-08 02:55:03,login
qwe,weqweqqwe,2024-07-08 03:03:10,login
qeweqwqwe,weqweqqwe,2024-07-08 03:20:41,login
qeweqwqwe,weqweqqwe,2024-07-08 03:26:44,login
qeweqwqwe,weqweqqwe,2024-07-08 03:29:29,login
qeweqwqwe,weqweqqwe,2024-07-08 03:29:59,login
